Search results from the CABI Invasive Species Compendium Advanced Datasheet Search 8/8/2021.,,,,,,,,,,,
"Search summary - (distribution:""6252001"" OR distribution:""4482348"") AND (type:""Full"") AND (group:""Plants"") AND (riskLikelihoods:""riskHighlyLikelyToBeTransportedInternationallyAccidentally"")",,,,,,,,,,,
"Citation:  CABI, 2021. Invasive Species Compendium. Wallingford, UK: CAB International. www.cabi.org/isc.",,,,,,,,,,,
"Search URL: https://www.cabi.org/isc/AdvancedSearch/#(distribution:""@@6252001"" OR distribution:""@@4482348"") AND (type:""Full"") AND (group:""Plants"") AND (riskLikelihoods:""riskHighlyLikelyToBeTransportedInternationallyAccidentally"")",,,,,,,,,,,
For terms and conditions see: https://www.cabi.org/terms-and-conditions/,,,,,,,,,,,
Preferred scientific name, International common name, ISC content, Plant pest, Taxonomic group, Domain, Kingdon, Phylum, Class, Order, Family, Datasheet URL
Abutilon theophrasti, velvet leaf, Full, Yes, Plants, Eukaryota, Plantae, Spermatophyta, Dicotyledonae, Malvales, Malvaceae, https://www.cabi.org/isc/datasheet/1987
Acanthophora spicifera, , Full, No, Plants, Eukaryota, Plantae, Rhodophyta, Rhodophyceae, Ceramiales, Rhodomelaceae, https://www.cabi.org/isc/datasheet/107763
Acanthospermum australe, spiny-bur, Full, No, Plants, Eukaryota, Plantae, Spermatophyta, Dicotyledonae, Asterales, Asteraceae, https://www.cabi.org/isc/datasheet/118957
Acanthospermum hispidum, bristly starbur, Full, Yes, Plants, Eukaryota, Plantae, Spermatophyta, Dicotyledonae, Asterales, Asteraceae, https://www.cabi.org/isc/datasheet/2465
Achyranthes aspera, devil's horsewhip, Full, Yes, Plants, Eukaryota, Plantae, Spermatophyta, Dicotyledonae, Caryophyllales, Amaranthaceae, https://www.cabi.org/isc/datasheet/2664
Adiantum hispidulum, rosy maidenhair fern, Full, No, Plants, Eukaryota, Plantae, Pteridophyta, Filicopsida, Polypodiales, Pteridaceae, https://www.cabi.org/isc/datasheet/3236
Aegilops cylindrica, , Full, No, Plants, Eukaryota, Plantae, Spermatophyta, Monocotyledonae, Cyperales, Poaceae, https://www.cabi.org/isc/datasheet/108330
Agave sisalana, sisal hemp, Full, Yes, Plants, Eukaryota, Plantae, Spermatophyta, Monocotyledonae, Liliales, Agavaceae, https://www.cabi.org/isc/datasheet/3855
Ageratina adenophora, Croftonweed, Full, Yes, Plants, Eukaryota, Plantae, Spermatophyta, Dicotyledonae, Asterales, Asteraceae, https://www.cabi.org/isc/datasheet/23243
Ageratum conyzoides, billy goat weed, Full, Yes, Plants, Eukaryota, Plantae, Spermatophyta, Dicotyledonae, Asterales, Asteraceae, https://www.cabi.org/isc/datasheet/3572
Ageratum houstonianum, Blue billygoatweed, Full, No, Plants, Eukaryota, Plantae, Spermatophyta, Dicotyledonae, Asterales, Asteraceae, https://www.cabi.org/isc/datasheet/3573
Agrostis avenacea, Pacific bent grass, Full, No, Plants, Eukaryota, Plantae, Spermatophyta, Monocotyledonae, Cyperales, Poaceae, https://www.cabi.org/isc/datasheet/95130
Alhagi maurorum, camelthorn, Full, Yes, Plants, Eukaryota, Plantae, Spermatophyta, Dicotyledonae, Fabales, Fabaceae, https://www.cabi.org/isc/datasheet/4215
Alopecurus myosuroides, black-grass, Full, Yes, Plants, Eukaryota, Plantae, Spermatophyta, Monocotyledonae, Cyperales, Poaceae, https://www.cabi.org/isc/datasheet/4360
Alopecurus pratensis, meadow foxtail, Full, Yes, Plants, Eukaryota, Plantae, Spermatophyta, Monocotyledonae, Cyperales, Poaceae, https://www.cabi.org/isc/datasheet/4361
Alternanthera philoxeroides, alligator weed, Full, Yes, Plants, Eukaryota, Plantae, Spermatophyta, Dicotyledonae, Caryophyllales, Amaranthaceae, https://www.cabi.org/isc/datasheet/4403
Alternanthera sessilis, sessile joyweed, Full, Yes, Plants, Eukaryota, Plantae, Spermatophyta, Dicotyledonae, Caryophyllales, Amaranthaceae, https://www.cabi.org/isc/datasheet/4404
Alyssum desertorum, desert madwort, Full, No, Plants, Eukaryota, Plantae, Spermatophyta, Dicotyledonae, Capparidales, Brassicaceae, https://www.cabi.org/isc/datasheet/112171
Amaranthus dubius, spleen amaranth, Full, No, Plants, Eukaryota, Plantae, Spermatophyta, Dicotyledonae, Caryophyllales, Amaranthaceae, https://www.cabi.org/isc/datasheet/4646
Amaranthus palmeri, Palmer amaranth, Full, No, Plants, Eukaryota, Plantae, Spermatophyta, Dicotyledonae, Caryophyllales, Amaranthaceae, https://www.cabi.org/isc/datasheet/4649
Amaranthus spinosus, spiny amaranth, Full, Yes, Plants, Eukaryota, Plantae, Spermatophyta, Dicotyledonae, Caryophyllales, Amaranthaceae, https://www.cabi.org/isc/datasheet/4653
Amaranthus tuberculatus, rough-fruited water-hemp, Full, No, Plants, Eukaryota, Plantae, Spermatophyta, Dicotyledonae, Caryophyllales, Amaranthaceae, https://www.cabi.org/isc/datasheet/112200
Ambrosia artemisiifolia, common ragweed, Full, Yes, Plants, Eukaryota, Plantae, Spermatophyta, Dicotyledonae, Asterales, Asteraceae, https://www.cabi.org/isc/datasheet/4691
Ambrosia confertiflora, , Full, Yes, Plants, Eukaryota, Plantae, Spermatophyta, Dicotyledonae, Asterales, Asteraceae, https://www.cabi.org/isc/datasheet/120550
Ambrosia psilostachya, perennial ragweed, Full, Yes, Plants, Eukaryota, Plantae, Spermatophyta, Dicotyledonae, Asterales, Asteraceae, https://www.cabi.org/isc/datasheet/4692
Ambrosia tenuifolia, lacy ragweed, Full, No, Plants, Eukaryota, Plantae, Spermatophyta, Dicotyledonae, Asterales, Asteraceae, https://www.cabi.org/isc/datasheet/109862
Ambrosia trifida, giant ragweed, Full, Yes, Plants, Eukaryota, Plantae, Spermatophyta, Dicotyledonae, Asterales, Asteraceae, https://www.cabi.org/isc/datasheet/4693
Andropogon glomeratus, bushy bluestem, Full, No, Plants, Eukaryota, Plantae, Spermatophyta, Monocotyledonae, Cyperales, Poaceae, https://www.cabi.org/isc/datasheet/118977
Andropogon virginicus, broomsedge, Full, Yes, Plants, Eukaryota, Plantae, Spermatophyta, Monocotyledonae, Cyperales, Poaceae, https://www.cabi.org/isc/datasheet/5286
Anthemis cotula, dog fennel, Full, Yes, Plants, Eukaryota, Plantae, Spermatophyta, Dicotyledonae, Asterales, Asteraceae, https://www.cabi.org/isc/datasheet/5672
Arctotheca calendula, capeweed, Full, Yes, Plants, Eukaryota, Plantae, Spermatophyta, Dicotyledonae, Asterales, Asteraceae, https://www.cabi.org/isc/datasheet/6729
Argemone mexicana, Mexican poppy, Full, Yes, Plants, Eukaryota, Plantae, Spermatophyta, Dicotyledonae, Papaverales, Papaveraceae, https://www.cabi.org/isc/datasheet/6878
Argemone ochroleuca, pale Mexican pricklypoppy, Full, No, Plants, Eukaryota, Plantae, Spermatophyta, Dicotyledonae, Papaverales, Papaveraceae, https://www.cabi.org/isc/datasheet/112405
Artemisia biennis, biennial wormwood, Full, No, Plants, Eukaryota, Plantae, Spermatophyta, Dicotyledonae, Asterales, Asteraceae, https://www.cabi.org/isc/datasheet/112441
Avena fatua, wild oat, Full, Yes, Plants, Eukaryota, Plantae, Spermatophyta, Monocotyledonae, Cyperales, Poaceae, https://www.cabi.org/isc/datasheet/8058
Avena sterilis, winter wild oat, Full, Yes, Plants, Eukaryota, Plantae, Spermatophyta, Monocotyledonae, Cyperales, Poaceae, https://www.cabi.org/isc/datasheet/8062
Azolla filiculoides, water fern, Full, No, Plants, Eukaryota, Plantae, Pteridophyta, Filicopsida, , Azollaceae, https://www.cabi.org/isc/datasheet/8119
Bassia hyssopifolia, fivehook bassia, Full, No, Plants, Eukaryota, Plantae, Spermatophyta, Dicotyledonae, Caryophyllales, Chenopodiaceae, https://www.cabi.org/isc/datasheet/92365
Batis maritima, saltwort, Full, No, Plants, Eukaryota, Plantae, Spermatophyta, Dicotyledonae, Capparidales, Bataceae, https://www.cabi.org/isc/datasheet/8562
Bidens pilosa, blackjack, Full, Yes, Plants, Eukaryota, Plantae, Spermatophyta, Dicotyledonae, Asterales, Asteraceae, https://www.cabi.org/isc/datasheet/9148
Boerhavia diffusa, red spiderling, Full, Yes, Plants, Eukaryota, Plantae, Spermatophyta, Dicotyledonae, Caryophyllales, Nyctaginaceae, https://www.cabi.org/isc/datasheet/9460
Bothriochloa ischaemum, yellow bluestem, Full, No, Plants, Eukaryota, Plantae, Spermatophyta, Monocotyledonae, Cyperales, Poaceae, https://www.cabi.org/isc/datasheet/112759
Brachypodium sylvaticum, slender false brome, Full, No, Plants, Eukaryota, Plantae, Spermatophyta, Monocotyledonae, Cyperales, Poaceae, https://www.cabi.org/isc/datasheet/9890
Brassica nigra, black mustard, Full, No, Plants, Eukaryota, Plantae, Spermatophyta, Dicotyledonae, Capparidales, Brassicaceae, https://www.cabi.org/isc/datasheet/10097
Brassica rapa, field mustard, Full, No, Plants, Eukaryota, Plantae, Spermatophyta, Dicotyledonae, Capparidales, Brassicaceae, https://www.cabi.org/isc/datasheet/121115
Brassica tournefortii, African mustard, Full, Yes, Plants, Eukaryota, Plantae, Spermatophyta, Dicotyledonae, Capparidales, Brassicaceae, https://www.cabi.org/isc/datasheet/50069
Bromus diandrus, great brome, Full, Yes, Plants, Eukaryota, Plantae, Spermatophyta, Monocotyledonae, Cyperales, Poaceae, https://www.cabi.org/isc/datasheet/10024
Bromus hordeaceus, soft brome, Full, No, Plants, Eukaryota, Plantae, Spermatophyta, Monocotyledonae, Cyperales, Poaceae, https://www.cabi.org/isc/datasheet/10026
Bromus japonicus, Japanese brome, Full, No, Plants, Eukaryota, Plantae, Spermatophyta, Monocotyledonae, Cyperales, Poaceae, https://www.cabi.org/isc/datasheet/10028
Bromus rigidus, ripgut brome, Full, Yes, Plants, Eukaryota, Plantae, Spermatophyta, Monocotyledonae, Cyperales, Poaceae, https://www.cabi.org/isc/datasheet/10032
Bromus secalinus, rye brome, Full, Yes, Plants, Eukaryota, Plantae, Spermatophyta, Monocotyledonae, Cyperales, Poaceae, https://www.cabi.org/isc/datasheet/10034
Bromus tectorum, downy brome, Full, Yes, Plants, Eukaryota, Plantae, Spermatophyta, Monocotyledonae, Cyperales, Poaceae, https://www.cabi.org/isc/datasheet/10036
Brugmansia suaveolens, white angel's trumpet, Full, No, Plants, Eukaryota, Plantae, Spermatophyta, Dicotyledonae, Solanales, Solanaceae, https://www.cabi.org/isc/datasheet/107903
Bunias orientalis, Turkish warty-cabbage, Full, No, Plants, Eukaryota, Plantae, Spermatophyta, Dicotyledonae, Capparidales, Brassicaceae, https://www.cabi.org/isc/datasheet/109130
Calopogonium mucunoides, calopo, Full, Yes, Plants, Eukaryota, Plantae, Spermatophyta, Dicotyledonae, Fabales, Fabaceae, https://www.cabi.org/isc/datasheet/14060
Calotropis procera, apple of sodom, Full, No, Plants, Eukaryota, Plantae, Spermatophyta, Dicotyledonae, Gentianales, Apocynaceae, https://www.cabi.org/isc/datasheet/16848
Capsella bursa-pastoris, shepherd's purse, Full, Yes, Plants, Eukaryota, Plantae, Spermatophyta, Dicotyledonae, Capparidales, Brassicaceae, https://www.cabi.org/isc/datasheet/11223
Cardamine flexuosa, wavy bittercress, Full, Yes, Plants, Eukaryota, Plantae, Spermatophyta, Dicotyledonae, Capparidales, Brassicaceae, https://www.cabi.org/isc/datasheet/112949
Cardiospermum halicacabum, balloon vine, Full, Yes, Plants, Eukaryota, Plantae, Spermatophyta, Dicotyledonae, Sapindales, Sapindaceae, https://www.cabi.org/isc/datasheet/16033
Carduus nutans, nodding thistle, Full, Yes, Plants, Eukaryota, Plantae, Spermatophyta, Dicotyledonae, Asterales, Asteraceae, https://www.cabi.org/isc/datasheet/11259
Caulerpa taxifolia, killer algae, Full, No, Plants, Eukaryota, Plantae, Chlorophyta, Bryopsidophyceae, Bryopsidales, Caulerpaceae, https://www.cabi.org/isc/datasheet/29292
Cenchrus biflorus, Indian sandbur, Full, No, Plants, Eukaryota, Plantae, Spermatophyta, Monocotyledonae, Cyperales, Poaceae, https://www.cabi.org/isc/datasheet/113042
Centaurea debeauxii, meadow knapweed, Full, No, Plants, Eukaryota, Plantae, Spermatophyta, Dicotyledonae, Asterales, Asteraceae, https://www.cabi.org/isc/datasheet/113056
Centaurea diffusa, diffuse knapweed, Full, Yes, Plants, Eukaryota, Plantae, Spermatophyta, Dicotyledonae, Asterales, Asteraceae, https://www.cabi.org/isc/datasheet/12039
Centaurea melitensis, Maltese starthistle, Full, No, Plants, Eukaryota, Plantae, Spermatophyta, Dicotyledonae, Asterales, Asteraceae, https://www.cabi.org/isc/datasheet/109133
Centaurea solstitialis, yellow starthistle, Full, Yes, Plants, Eukaryota, Plantae, Spermatophyta, Dicotyledonae, Asterales, Asteraceae, https://www.cabi.org/isc/datasheet/12043
Centaurea stoebe subsp. micranthos, spotted knapweed, Full, Yes, Plants, Eukaryota, Plantae, Spermatophyta, Dicotyledonae, Asterales, Asteraceae, https://www.cabi.org/isc/datasheet/12040
Centratherum punctatum, lark daisy, Full, No, Plants, Eukaryota, Plantae, Spermatophyta, Dicotyledonae, Asterales, Asteraceae, https://www.cabi.org/isc/datasheet/14608
Ceratocephala testiculata, bur buttercup, Full, No, Plants, Eukaryota, Plantae, Spermatophyta, Dicotyledonae, Ranunculales, Ranunculaceae, https://www.cabi.org/isc/datasheet/113121
Ceratophyllum demersum, coontail, Full, Yes, Plants, Eukaryota, Plantae, Spermatophyta, Dicotyledonae, Nymphaeales, Ceratophyllaceae, https://www.cabi.org/isc/datasheet/16222
Chloris gayana, Rhodes grass, Full, No, Plants, Eukaryota, Plantae, Spermatophyta, Monocotyledonae, Cyperales, Poaceae, https://www.cabi.org/isc/datasheet/13115
Chondrilla juncea, rush skeletonweed, Full, Yes, Plants, Eukaryota, Plantae, Spermatophyta, Dicotyledonae, Asterales, Asteraceae, https://www.cabi.org/isc/datasheet/110385
Christella dentata, soft fern, Full, No, Plants, Eukaryota, Plantae, Pteridophyta, Filicopsida, , Thelypteridaceae, https://www.cabi.org/isc/datasheet/113279
Chromolaena odorata, Siam weed, Full, Yes, Plants, Eukaryota, Plantae, Spermatophyta, Dicotyledonae, Asterales, Asteraceae, https://www.cabi.org/isc/datasheet/23248
Chrysanthemoides monilifera, boneseed, Full, Yes, Plants, Eukaryota, Plantae, Spermatophyta, Dicotyledonae, Asterales, Asteraceae, https://www.cabi.org/isc/datasheet/13119
Chrysopogon aciculatus, golden false beardgrass, Full, Yes, Plants, Eukaryota, Plantae, Spermatophyta, Monocotyledonae, Cyperales, Poaceae, https://www.cabi.org/isc/datasheet/12475
Cinnamomum burmanni, padang cassia, Full, No, Plants, Eukaryota, Plantae, Spermatophyta, Dicotyledonae, Laurales, Lauraceae, https://www.cabi.org/isc/datasheet/13516
Cirsium arvense, creeping thistle, Full, Yes, Plants, Eukaryota, Plantae, Spermatophyta, Dicotyledonae, Asterales, Asteraceae, https://www.cabi.org/isc/datasheet/13628
Cirsium vulgare, spear thistle, Full, Yes, Plants, Eukaryota, Plantae, Spermatophyta, Dicotyledonae, Asterales, Asteraceae, https://www.cabi.org/isc/datasheet/13631
Cleome rutidosperma, fringed spiderflower, Full, Yes, Plants, Eukaryota, Plantae, Spermatophyta, Dicotyledonae, Capparidales, Capparaceae, https://www.cabi.org/isc/datasheet/14044
Cleome viscosa, Asian spiderflower, Full, Yes, Plants, Eukaryota, Plantae, Spermatophyta, Dicotyledonae, Capparidales, Capparaceae, https://www.cabi.org/isc/datasheet/14045
Clerodendrum chinense, Chinese glory bower, Full, Yes, Plants, Eukaryota, Plantae, Spermatophyta, Dicotyledonae, Lamiales, Lamiaceae, https://www.cabi.org/isc/datasheet/113371
Clerodendrum quadriloculare, bronze-leaved clerodendrum, Full, No, Plants, Eukaryota, Plantae, Spermatophyta, Dicotyledonae, Lamiales, Lamiaceae, https://www.cabi.org/isc/datasheet/14334
Clidemia hirta, Koster's curse, Full, Yes, Plants, Eukaryota, Plantae, Spermatophyta, Dicotyledonae, Myrtales, Melastomataceae, https://www.cabi.org/isc/datasheet/13934
Codium fragile subsp. tomentosoides, , Full, No, Plants, Eukaryota, Plantae, Chlorophyta, Bryopsidophyceae, Bryopsidales, Codiaceae, https://www.cabi.org/isc/datasheet/107769
Conyza bonariensis, hairy fleabane, Full, Yes, Plants, Eukaryota, Plantae, Spermatophyta, Dicotyledonae, Asterales, Asteraceae, https://www.cabi.org/isc/datasheet/15250
Conyza canadensis, Canadian fleabane, Full, Yes, Plants, Eukaryota, Plantae, Spermatophyta, Dicotyledonae, Asterales, Asteraceae, https://www.cabi.org/isc/datasheet/15251
Cosmos caudatus, wild cosmos, Full, No, Plants, Eukaryota, Plantae, Spermatophyta, Dicotyledonae, Asterales, Asteraceae, https://www.cabi.org/isc/datasheet/117946
Cosmos sulphureus, sulphur cosmos, Full, No, Plants, Eukaryota, Plantae, Spermatophyta, Dicotyledonae, Asterales, Asteraceae, https://www.cabi.org/isc/datasheet/110395
Crassula helmsii, Australian swamp stonecrop, Full, Yes, Plants, Eukaryota, Plantae, Spermatophyta, Dicotyledonae, Rosales, Crassulaceae, https://www.cabi.org/isc/datasheet/16463
Crotalaria spectabilis, showy rattlepod, Full, Yes, Plants, Eukaryota, Plantae, Spermatophyta, Dicotyledonae, Fabales, Fabaceae, https://www.cabi.org/isc/datasheet/16161
Crypsis schoenoides, swamp pricklegrass, Full, No, Plants, Eukaryota, Plantae, Spermatophyta, Monocotyledonae, Cyperales, Poaceae, https://www.cabi.org/isc/datasheet/113637
Crypsis vaginiflora, African pricklegrass, Full, No, Plants, Eukaryota, Plantae, Spermatophyta, Monocotyledonae, Cyperales, Poaceae, https://www.cabi.org/isc/datasheet/120573
Cuscuta campestris, field dodder, Full, Yes, Plants, Eukaryota, Plantae, Spermatophyta, Dicotyledonae, Solanales, Cuscutaceae, https://www.cabi.org/isc/datasheet/17111
Cuscuta epithymum, alfalfa dodder, Full, Yes, Plants, Eukaryota, Plantae, Spermatophyta, Dicotyledonae, Solanales, Cuscutaceae, https://www.cabi.org/isc/datasheet/17114
Cuscuta europaea, European dodder, Full, Yes, Plants, Eukaryota, Plantae, Spermatophyta, Dicotyledonae, Solanales, Cuscutaceae, https://www.cabi.org/isc/datasheet/17113
Cuscuta japonica, Japanese dodder, Full, No, Plants, Eukaryota, Plantae, Spermatophyta, Dicotyledonae, Solanales, Cuscutaceae, https://www.cabi.org/isc/datasheet/17116
Cyanthillium cinereum, little ironweed, Full, Yes, Plants, Eukaryota, Plantae, Spermatophyta, Dicotyledonae, Asterales, Asteraceae, https://www.cabi.org/isc/datasheet/113702
Cyclosorus parasiticus, parasitic maiden fern, Full, Yes, Plants, Eukaryota, Plantae, Pteridophyta, Filicopsida, , Thelypteridaceae, https://www.cabi.org/isc/datasheet/120368
Cynara cardunculus, cardoon, Full, No, Plants, Eukaryota, Plantae, Spermatophyta, Dicotyledonae, Asterales, Asteraceae, https://www.cabi.org/isc/datasheet/17584
Cynodon dactylon, Bermuda grass, Full, Yes, Plants, Eukaryota, Plantae, Spermatophyta, Monocotyledonae, Cyperales, Poaceae, https://www.cabi.org/isc/datasheet/17463
Cynodon nlemfuensis, African Bermuda-grass, Full, Yes, Plants, Eukaryota, Plantae, Spermatophyta, Monocotyledonae, Cyperales, Poaceae, https://www.cabi.org/isc/datasheet/86155
Cynoglossum officinale, hound's tongue, Full, Yes, Plants, Eukaryota, Plantae, Spermatophyta, Dicotyledonae, Boraginales, Boraginaceae, https://www.cabi.org/isc/datasheet/14550
Cyperus difformis, small-flowered nutsedge, Full, Yes, Plants, Eukaryota, Plantae, Spermatophyta, Monocotyledonae, Cyperales, Cyperaceae, https://www.cabi.org/isc/datasheet/17495
Cyperus esculentus, yellow nutsedge, Full, Yes, Plants, Eukaryota, Plantae, Spermatophyta, Monocotyledonae, Cyperales, Cyperaceae, https://www.cabi.org/isc/datasheet/17496
Cyperus rotundus, purple nutsedge, Full, Yes, Plants, Eukaryota, Plantae, Spermatophyta, Monocotyledonae, Cyperales, Cyperaceae, https://www.cabi.org/isc/datasheet/17506
Cytisus scoparius, Scotch broom, Full, Yes, Plants, Eukaryota, Plantae, Spermatophyta, Dicotyledonae, Fabales, Fabaceae, https://www.cabi.org/isc/datasheet/17610
Dactyloctenium aegyptium, crowfoot grass, Full, Yes, Plants, Eukaryota, Plantae, Spermatophyta, Monocotyledonae, Cyperales, Poaceae, https://www.cabi.org/isc/datasheet/19321
Datura ferox, fierce thornapple, Full, No, Plants, Eukaryota, Plantae, Spermatophyta, Dicotyledonae, Solanales, Solanaceae, https://www.cabi.org/isc/datasheet/85429
Datura innoxia, downy thorn apple, Full, No, Plants, Eukaryota, Plantae, Spermatophyta, Dicotyledonae, Solanales, Solanaceae, https://www.cabi.org/isc/datasheet/18004
Datura metel, Hindu datura, Full, No, Plants, Eukaryota, Plantae, Spermatophyta, Dicotyledonae, Solanales, Solanaceae, https://www.cabi.org/isc/datasheet/18005
Daucus carota, carrot, Full, Yes, Plants, Eukaryota, Plantae, Spermatophyta, Dicotyledonae, Apiales, Apiaceae, https://www.cabi.org/isc/datasheet/18018
Descurainia sophia, flixweed, Full, No, Plants, Eukaryota, Plantae, Spermatophyta, Dicotyledonae, Capparidales, Brassicaceae, https://www.cabi.org/isc/datasheet/110230
Desmodium incanum, creeping beggerweed, Full, No, Plants, Eukaryota, Plantae, Spermatophyta, Dicotyledonae, Fabales, Fabaceae, https://www.cabi.org/isc/datasheet/109200
Dichanthium annulatum, Kleberg's bluestem, Full, No, Plants, Eukaryota, Plantae, Spermatophyta, Monocotyledonae, Cyperales, Poaceae, https://www.cabi.org/isc/datasheet/113873
Dichanthium aristatum, angelton bluestem, Full, No, Plants, Eukaryota, Plantae, Spermatophyta, Monocotyledonae, Cyperales, Poaceae, https://www.cabi.org/isc/datasheet/72738166
Digitaria bicornis, Asian crabgrass, Full, No, Plants, Eukaryota, Plantae, Spermatophyta, Monocotyledonae, Cyperales, Poaceae, https://www.cabi.org/isc/datasheet/120117
Digitaria ciliaris, southern crabgrass, Full, Yes, Plants, Eukaryota, Plantae, Spermatophyta, Monocotyledonae, Cyperales, Poaceae, https://www.cabi.org/isc/datasheet/18912
Digitaria eriantha, pangola grass, Full, No, Plants, Eukaryota, Plantae, Spermatophyta, Monocotyledonae, Cyperales, Poaceae, https://www.cabi.org/isc/datasheet/109594
Digitaria fuscescens, yellow crab grass, Full, No, Plants, Eukaryota, Plantae, Spermatophyta, Monocotyledonae, Cyperales, Poaceae, https://www.cabi.org/isc/datasheet/120118
Digitaria sanguinalis, large crabgrass, Full, Yes, Plants, Eukaryota, Plantae, Spermatophyta, Monocotyledonae, Cyperales, Poaceae, https://www.cabi.org/isc/datasheet/18916
Drymaria cordata, tropical chickweed, Full, Yes, Plants, Eukaryota, Plantae, Spermatophyta, Dicotyledonae, Caryophyllales, Caryophyllaceae, https://www.cabi.org/isc/datasheet/20020
Dysphania ambrosioides, Mexican tea, Full, Yes, Plants, Eukaryota, Plantae, Spermatophyta, Dicotyledonae, Caryophyllales, Chenopodiaceae, https://www.cabi.org/isc/datasheet/113977
Echinochloa colona, junglerice, Full, Yes, Plants, Eukaryota, Plantae, Spermatophyta, Monocotyledonae, Cyperales, Poaceae, https://www.cabi.org/isc/datasheet/20368
Echinochloa crus-galli, barnyard grass, Full, Yes, Plants, Eukaryota, Plantae, Spermatophyta, Monocotyledonae, Cyperales, Poaceae, https://www.cabi.org/isc/datasheet/20367
Echinochloa crus-pavonis, gulf cockspur grass, Full, Yes, Plants, Eukaryota, Plantae, Spermatophyta, Monocotyledonae, Cyperales, Poaceae, https://www.cabi.org/isc/datasheet/121129
Echium plantagineum, Paterson's curse, Full, Yes, Plants, Eukaryota, Plantae, Spermatophyta, Dicotyledonae, Boraginales, Boraginaceae, https://www.cabi.org/isc/datasheet/20400
Ehrharta erecta, panic veldtgrass, Full, No, Plants, Eukaryota, Plantae, Spermatophyta, Monocotyledonae, Cyperales, Poaceae, https://www.cabi.org/isc/datasheet/114038
Eichhornia azurea, anchored water hyacinth, Full, No, Plants, Eukaryota, Plantae, Spermatophyta, Monocotyledonae, Pontederiales, Pontederiaceae, https://www.cabi.org/isc/datasheet/108967
Elaeis guineensis, African oil palm, Full, No, Plants, Eukaryota, Plantae, Spermatophyta, Monocotyledonae, Arecales, Arecaceae, https://www.cabi.org/isc/datasheet/20295
Eleusine indica, goose grass, Full, Yes, Plants, Eukaryota, Plantae, Spermatophyta, Monocotyledonae, Cyperales, Poaceae, https://www.cabi.org/isc/datasheet/20675
Elodea canadensis, Canadian pondweed, Full, No, Plants, Eukaryota, Plantae, Spermatophyta, Monocotyledonae, Hydrocharitales, Hydrocharitaceae, https://www.cabi.org/isc/datasheet/20759
Emex australis, Doublegee, Full, Yes, Plants, Eukaryota, Plantae, Spermatophyta, Dicotyledonae, Polygonales, Polygonaceae, https://www.cabi.org/isc/datasheet/20826
Emex spinosa, spiny emex, Full, Yes, Plants, Eukaryota, Plantae, Spermatophyta, Dicotyledonae, Polygonales, Polygonaceae, https://www.cabi.org/isc/datasheet/20827
Emilia coccinea, scarlet tasselflower, Full, No, Plants, Eukaryota, Plantae, Spermatophyta, Dicotyledonae, Asterales, Asteraceae, https://www.cabi.org/isc/datasheet/120120
Emilia fosbergii, Florida tassel-flower, Full, Yes, Plants, Eukaryota, Plantae, Spermatophyta, Dicotyledonae, Asterales, Asteraceae, https://www.cabi.org/isc/datasheet/114086
Emilia sonchifolia, red tasselflower, Full, Yes, Plants, Eukaryota, Plantae, Spermatophyta, Dicotyledonae, Asterales, Asteraceae, https://www.cabi.org/isc/datasheet/20833
Epilobium ciliatum, northern willowherb, Full, No, Plants, Eukaryota, Plantae, Spermatophyta, Dicotyledonae, Myrtales, Onagraceae, https://www.cabi.org/isc/datasheet/114114
Eragrostis amabilis, Japanese lovegrass, Full, Yes, Plants, Eukaryota, Plantae, Spermatophyta, Monocotyledonae, Cyperales, Poaceae, https://www.cabi.org/isc/datasheet/21632
Eragrostis atrovirens, thalia lovegrass, Full, No, Plants, Eukaryota, Plantae, Spermatophyta, Monocotyledonae, Cyperales, Poaceae, https://www.cabi.org/isc/datasheet/114143
Eragrostis japonica, pond lovegrass, Full, Yes, Plants, Eukaryota, Plantae, Spermatophyta, Monocotyledonae, Cyperales, Poaceae, https://www.cabi.org/isc/datasheet/21634
Eragrostis lehmanniana, Lehmann lovegrass, Full, No, Plants, Eukaryota, Plantae, Spermatophyta, Monocotyledonae, Cyperales, Poaceae, https://www.cabi.org/isc/datasheet/114157
Eragrostis pilosa, India lovegrass, Full, Yes, Plants, Eukaryota, Plantae, Spermatophyta, Monocotyledonae, Cyperales, Poaceae, https://www.cabi.org/isc/datasheet/21631
Eragrostis plana, South African lovegrass, Full, No, Plants, Eukaryota, Plantae, Spermatophyta, Monocotyledonae, Cyperales, Poaceae, https://www.cabi.org/isc/datasheet/114171
Eragrostis unioloides, Chinese lovegrass, Full, Yes, Plants, Eukaryota, Plantae, Spermatophyta, Monocotyledonae, Cyperales, Poaceae, https://www.cabi.org/isc/datasheet/120121
Erechtites hieraciifolius, American burnweed, Full, No, Plants, Eukaryota, Plantae, Spermatophyta, Dicotyledonae, Asterales, Asteraceae, https://www.cabi.org/isc/datasheet/114182
Eremochloa ophiuroides, centipedegrass, Full, No, Plants, Eukaryota, Plantae, Spermatophyta, Monocotyledonae, Cyperales, Poaceae, https://www.cabi.org/isc/datasheet/21819
Erigeron bellioides, bellorita, Full, No, Plants, Eukaryota, Plantae, Spermatophyta, Dicotyledonae, Asterales, Asteraceae, https://www.cabi.org/isc/datasheet/42555823
Erigeron karvinskianus, Karwinsky’s fleabane, Full, No, Plants, Eukaryota, Plantae, Spermatophyta, Dicotyledonae, Asterales, Asteraceae, https://www.cabi.org/isc/datasheet/114202
Erodium botrys, long-beaked stork's bill, Full, No, Plants, Eukaryota, Plantae, Spermatophyta, Dicotyledonae, Geraniales, Geraniaceae, https://www.cabi.org/isc/datasheet/114229
Euphorbia esula, leafy spurge, Full, Yes, Plants, Eukaryota, Plantae, Spermatophyta, Dicotyledonae, Euphorbiales, Euphorbiaceae, https://www.cabi.org/isc/datasheet/21347
Fallopia convolvulus, black bindweed, Full, Yes, Plants, Eukaryota, Plantae, Spermatophyta, Dicotyledonae, Polygonales, Polygonaceae, https://www.cabi.org/isc/datasheet/23874
Festuca pratensis, meadow fescue, Full, Yes, Plants, Eukaryota, Plantae, Spermatophyta, Monocotyledonae, Cyperales, Poaceae, https://www.cabi.org/isc/datasheet/23988
Fimbristylis littoralis, lesser fimbristylis, Full, Yes, Plants, Eukaryota, Plantae, Spermatophyta, Monocotyledonae, Cyperales, Cyperaceae, https://www.cabi.org/isc/datasheet/24023
Foeniculum vulgare, fennel, Full, No, Plants, Eukaryota, Plantae, Spermatophyta, Dicotyledonae, Apiales, Apiaceae, https://www.cabi.org/isc/datasheet/24271
Galinsoga parviflora, gallant soldier, Full, Yes, Plants, Eukaryota, Plantae, Spermatophyta, Dicotyledonae, Asterales, Asteraceae, https://www.cabi.org/isc/datasheet/25299
Galinsoga quadriradiata, shaggy soldier, Full, Yes, Plants, Eukaryota, Plantae, Spermatophyta, Dicotyledonae, Asterales, Asteraceae, https://www.cabi.org/isc/datasheet/120145
Gomphocarpus physocarpus, balloon cotton bush, Full, Yes, Plants, Eukaryota, Plantae, Spermatophyta, Dicotyledonae, Gentianales, Asclepiadaceae, https://www.cabi.org/isc/datasheet/114618
Gomphrena globosa, globe amaranth, Full, No, Plants, Eukaryota, Plantae, Spermatophyta, Dicotyledonae, Caryophyllales, Amaranthaceae, https://www.cabi.org/isc/datasheet/25617
Gossypium barbadense, Gallini cotton, Full, No, Plants, Eukaryota, Plantae, Spermatophyta, Dicotyledonae, Malvales, Malvaceae, https://www.cabi.org/isc/datasheet/25794
Grateloupia turuturu, , Full, No, Plants, Eukaryota, Plantae, Rhodophyta, Florideophyceae, Halymeniales, Halymeniaceae, https://www.cabi.org/isc/datasheet/109142
Gypsophila paniculata, baby’s breath, Full, Yes, Plants, Eukaryota, Plantae, Spermatophyta, Dicotyledonae, Caryophyllales, Caryophyllaceae, https://www.cabi.org/isc/datasheet/26266
Halogeton glomeratus, halogeton, Full, Yes, Plants, Eukaryota, Plantae, Spermatophyta, Dicotyledonae, Caryophyllales, Chenopodiaceae, https://www.cabi.org/isc/datasheet/26352
Hedychium flavescens, wild ginger, Full, No, Plants, Eukaryota, Plantae, Spermatophyta, Monocotyledonae, Zingiberales, Zingiberaceae, https://www.cabi.org/isc/datasheet/107733
Heliotropium curassavicum, salt heliotrope, Full, No, Plants, Eukaryota, Plantae, Spermatophyta, Dicotyledonae, Boraginales, Boraginaceae, https://www.cabi.org/isc/datasheet/114723
Helminthotheca echioides, bristly oxtongue, Full, No, Plants, Eukaryota, Plantae, Spermatophyta, Dicotyledonae, Asterales, Asteraceae, https://www.cabi.org/isc/datasheet/116335
Holcus lanatus, common velvet grass, Full, No, Plants, Eukaryota, Plantae, Spermatophyta, Monocotyledonae, Cyperales, Poaceae, https://www.cabi.org/isc/datasheet/114824
Hydrilla verticillata, hydrilla, Full, Yes, Plants, Eukaryota, Plantae, Spermatophyta, Monocotyledonae, Hydrocharitales, Hydrocharitaceae, https://www.cabi.org/isc/datasheet/28170
Hydrocharis morsus-ranae, , Full, No, Plants, Eukaryota, Plantae, Spermatophyta, Monocotyledonae, Hydrocharitales, Hydrocharitaceae, https://www.cabi.org/isc/datasheet/28140
Hymenachne amplexicaulis, hymenachne, Full, No, Plants, Eukaryota, Plantae, Spermatophyta, Monocotyledonae, Cyperales, Poaceae, https://www.cabi.org/isc/datasheet/109219
Hyoscyamus niger, black henbane, Full, No, Plants, Eukaryota, Plantae, Spermatophyta, Dicotyledonae, Solanales, Solanaceae, https://www.cabi.org/isc/datasheet/28251
Hyparrhenia rufa, Jaragua grass, Full, No, Plants, Eukaryota, Plantae, Spermatophyta, Monocotyledonae, Cyperales, Poaceae, https://www.cabi.org/isc/datasheet/27716
Hypericum perforatum, St John's wort, Full, Yes, Plants, Eukaryota, Plantae, Spermatophyta, Dicotyledonae, Theales, Clusiaceae, https://www.cabi.org/isc/datasheet/28268
Hypnea musciformis, , Full, No, Plants, Eukaryota, Plantae, Rhodophyta, Rhodophyceae, Gigartinales, Gigartinaceae, https://www.cabi.org/isc/datasheet/107773
Hypochaeris radicata, cat's ear, Full, Yes, Plants, Eukaryota, Plantae, Spermatophyta, Dicotyledonae, Asterales, Asteraceae, https://www.cabi.org/isc/datasheet/27895
Hyptis suaveolens, pignut, Full, No, Plants, Eukaryota, Plantae, Spermatophyta, Dicotyledonae, Lamiales, Lamiaceae, https://www.cabi.org/isc/datasheet/110258
Impatiens balsamina, garden balsam, Full, No, Plants, Eukaryota, Plantae, Spermatophyta, Dicotyledonae, Balsaminales, Balsaminaceae, https://www.cabi.org/isc/datasheet/28765
Impatiens walleriana, busy lizzy, Full, No, Plants, Eukaryota, Plantae, Spermatophyta, Dicotyledonae, Balsaminales, Balsaminaceae, https://www.cabi.org/isc/datasheet/28769
Imperata cylindrica, cogon grass, Full, Yes, Plants, Eukaryota, Plantae, Spermatophyta, Monocotyledonae, Cyperales, Poaceae, https://www.cabi.org/isc/datasheet/28580
Indigofera hirsuta, hairy indigo, Full, Yes, Plants, Eukaryota, Plantae, Spermatophyta, Dicotyledonae, Fabales, Fabaceae, https://www.cabi.org/isc/datasheet/28601
Indigofera trita, Asian indigo, Full, No, Plants, Eukaryota, Plantae, Spermatophyta, Dicotyledonae, Fabales, Fabaceae, https://www.cabi.org/isc/datasheet/120416
Inula britannica, british yellowhead, Full, No, Plants, Eukaryota, Plantae, Spermatophyta, Dicotyledonae, Asterales, Asteraceae, https://www.cabi.org/isc/datasheet/28753
Ipomoea cairica, five-fingered morning glory, Full, No, Plants, Eukaryota, Plantae, Spermatophyta, Dicotyledonae, Solanales, Convolvulaceae, https://www.cabi.org/isc/datasheet/28786
Ipomoea purpurea, tall morning glory, Full, Yes, Plants, Eukaryota, Plantae, Spermatophyta, Dicotyledonae, Solanales, Convolvulaceae, https://www.cabi.org/isc/datasheet/40052
Ischaemum rugosum, saramollagrass, Full, Yes, Plants, Eukaryota, Plantae, Spermatophyta, Monocotyledonae, Cyperales, Poaceae, https://www.cabi.org/isc/datasheet/28909
Iva xanthiifolia, marsh-elder, Full, No, Plants, Eukaryota, Plantae, Spermatophyta, Dicotyledonae, Asterales, Asteraceae, https://www.cabi.org/isc/datasheet/120279
Jatropha gossypiifolia, bellyache bush, Full, No, Plants, Eukaryota, Plantae, Spermatophyta, Dicotyledonae, Euphorbiales, Euphorbiaceae, https://www.cabi.org/isc/datasheet/28394
Juncus effusus, common rush, Full, No, Plants, Eukaryota, Plantae, Spermatophyta, Monocotyledonae, Cyperales, Juncaceae, https://www.cabi.org/isc/datasheet/29068
Juncus ensifolius, swordleaf rush, Full, No, Plants, Eukaryota, Plantae, Spermatophyta, Monocotyledonae, Cyperales, Juncaceae, https://www.cabi.org/isc/datasheet/115030
Juncus planifolius, broadleaf rush, Full, No, Plants, Eukaryota, Plantae, Spermatophyta, Monocotyledonae, Cyperales, Juncaceae, https://www.cabi.org/isc/datasheet/115039
Juncus tenuis, slender rush, Full, No, Plants, Eukaryota, Plantae, Spermatophyta, Monocotyledonae, Cyperales, Juncaceae, https://www.cabi.org/isc/datasheet/115047
Justicia pectoralis, freshcut, Full, No, Plants, Eukaryota, Plantae, Spermatophyta, Dicotyledonae, Scrophulariales, Acanthaceae, https://www.cabi.org/isc/datasheet/29291
Kalanchoe delagoensis, chandelier plant, Full, No, Plants, Eukaryota, Plantae, Spermatophyta, Dicotyledonae, Rosales, Crassulaceae, https://www.cabi.org/isc/datasheet/115050
Kyllinga nemoralis, white kyllinga, Full, No, Plants, Eukaryota, Plantae, Spermatophyta, Monocotyledonae, Cyperales, Cyperaceae, https://www.cabi.org/isc/datasheet/115089
Lactuca floridana, woodland lettuce, Full, No, Plants, Eukaryota, Plantae, Spermatophyta, Dicotyledonae, Asterales, Asteraceae, https://www.cabi.org/isc/datasheet/120123
Lamium amplexicaule, henbit deadnettle, Full, Yes, Plants, Eukaryota, Plantae, Spermatophyta, Dicotyledonae, Lamiales, Lamiaceae, https://www.cabi.org/isc/datasheet/29728
Lantana camara, lantana, Full, Yes, Plants, Eukaryota, Plantae, Spermatophyta, Dicotyledonae, Lamiales, Verbenaceae, https://www.cabi.org/isc/datasheet/29771
Launaea intybacea, bitter lettuce, Full, No, Plants, Eukaryota, Plantae, Spermatophyta, Dicotyledonae, Asterales, Asteraceae, https://www.cabi.org/isc/datasheet/115165
Lemna minuta, , Full, No, Plants, Eukaryota, Plantae, Spermatophyta, Monocotyledonae, Arales, Araceae, https://www.cabi.org/isc/datasheet/108968
Lemna perpusilla, duckweed, Full, Yes, Plants, Eukaryota, Plantae, Spermatophyta, Monocotyledonae, Arales, Araceae, https://www.cabi.org/isc/datasheet/30243
Leonurus japonicus, honeyweed, Full, Yes, Plants, Eukaryota, Plantae, Spermatophyta, Dicotyledonae, Lamiales, Lamiaceae, https://www.cabi.org/isc/datasheet/115194
Lepidium draba, hoary cress, Full, Yes, Plants, Eukaryota, Plantae, Spermatophyta, Dicotyledonae, Capparidales, Brassicaceae, https://www.cabi.org/isc/datasheet/10621
Lepidium perfoliatum, clasping pepperweed, Full, No, Plants, Eukaryota, Plantae, Spermatophyta, Dicotyledonae, Capparidales, Brassicaceae, https://www.cabi.org/isc/datasheet/115212
Lepidium virginicum, Virginian peppercress, Full, No, Plants, Eukaryota, Plantae, Spermatophyta, Dicotyledonae, Capparidales, Brassicaceae, https://www.cabi.org/isc/datasheet/30303
Leptochloa mucronata, mucronate sprangletop , Full, Yes, Plants, Eukaryota, Plantae, Spermatophyta, Monocotyledonae, Cyperales, Poaceae, https://www.cabi.org/isc/datasheet/115226
Lespedeza cuneata, sericea lespedeza, Full, No, Plants, Eukaryota, Plantae, Spermatophyta, Dicotyledonae, Fabales, Fabaceae, https://www.cabi.org/isc/datasheet/20616387
Limnocharis flava, yellow bur-head, Full, Yes, Plants, Eukaryota, Plantae, Spermatophyta, Monocotyledonae, Hydrocharitales, Limnocharitaceae, https://www.cabi.org/isc/datasheet/30804
Linaria dalmatica, dalmatian toadflax, Full, No, Plants, Eukaryota, Plantae, Spermatophyta, Dicotyledonae, Scrophulariales, Scrophulariaceae, https://www.cabi.org/isc/datasheet/30827
Lindernia crustacea, Malaysian false pimpernel, Full, Yes, Plants, Eukaryota, Plantae, Spermatophyta, Dicotyledonae, Scrophulariales, Scrophulariaceae, https://www.cabi.org/isc/datasheet/30864
Lolium multiflorum, Italian ryegrass, Full, Yes, Plants, Eukaryota, Plantae, Spermatophyta, Monocotyledonae, Cyperales, Poaceae, https://www.cabi.org/isc/datasheet/31165
Lolium perenne, perennial ryegrass, Full, Yes, Plants, Eukaryota, Plantae, Spermatophyta, Monocotyledonae, Cyperales, Poaceae, https://www.cabi.org/isc/datasheet/31166
Lolium rigidum, rigid ryegrass, Full, Yes, Plants, Eukaryota, Plantae, Spermatophyta, Monocotyledonae, Cyperales, Poaceae, https://www.cabi.org/isc/datasheet/31167
Lolium temulentum, darnel, Full, Yes, Plants, Eukaryota, Plantae, Spermatophyta, Monocotyledonae, Cyperales, Poaceae, https://www.cabi.org/isc/datasheet/31169
Ludwigia palustris, marsh seedbox, Full, No, Plants, Eukaryota, Plantae, Spermatophyta, Dicotyledonae, Myrtales, Onagraceae, https://www.cabi.org/isc/datasheet/120287
Lythrum salicaria, purple loosestrife, Full, Yes, Plants, Eukaryota, Plantae, Spermatophyta, Dicotyledonae, Myrtales, Lythraceae, https://www.cabi.org/isc/datasheet/31890
Macroptilium atropurpureum, siratro, Full, No, Plants, Eukaryota, Plantae, Spermatophyta, Dicotyledonae, Fabales, Fabaceae, https://www.cabi.org/isc/datasheet/110272
Macrothelypteris torresiana, swordfern, Full, No, Plants, Eukaryota, Plantae, Pteridophyta, Filicopsida, , Thelypteridaceae, https://www.cabi.org/isc/datasheet/115457
Malva pusilla, round-leaved mallow, Full, No, Plants, Eukaryota, Plantae, Spermatophyta, Dicotyledonae, Malvales, Malvaceae, https://www.cabi.org/isc/datasheet/115483
Marrubium vulgare, horehound, Full, No, Plants, Eukaryota, Plantae, Spermatophyta, Dicotyledonae, Lamiales, Lamiaceae, https://www.cabi.org/isc/datasheet/119607
Medicago lupulina, black medick, Full, Yes, Plants, Eukaryota, Plantae, Spermatophyta, Dicotyledonae, Fabales, Fabaceae, https://www.cabi.org/isc/datasheet/33034
Megathyrsus maximus, Guinea grass, Full, Yes, Plants, Eukaryota, Plantae, Spermatophyta, Monocotyledonae, Cyperales, Poaceae, https://www.cabi.org/isc/datasheet/38666
Melilotus albus, honey clover, Full, No, Plants, Eukaryota, Plantae, Spermatophyta, Dicotyledonae, Fabales, Fabaceae, https://www.cabi.org/isc/datasheet/33693
Melilotus officinalis, yellow sweet clover, Full, No, Plants, Eukaryota, Plantae, Spermatophyta, Dicotyledonae, Fabales, Fabaceae, https://www.cabi.org/isc/datasheet/33697
Melinis minutiflora, molasses grass, Full, Yes, Plants, Eukaryota, Plantae, Spermatophyta, Monocotyledonae, Cyperales, Poaceae, https://www.cabi.org/isc/datasheet/32983
Mesembryanthemum crystallinum, crystalline iceplant, Full, No, Plants, Eukaryota, Plantae, Spermatophyta, Dicotyledonae, Caryophyllales, Aizoaceae, https://www.cabi.org/isc/datasheet/115578
Mesosphaerum pectinatum, comb bushmint, Full, No, Plants, Eukaryota, Plantae, Spermatophyta, Dicotyledonae, Lamiales, Lamiaceae, https://www.cabi.org/isc/datasheet/28345
Miconia calvescens, miconia, Full, No, Plants, Eukaryota, Plantae, Spermatophyta, Dicotyledonae, Myrtales, Melastomataceae, https://www.cabi.org/isc/datasheet/33990
Mikania micrantha, bitter vine, Full, Yes, Plants, Eukaryota, Plantae, Spermatophyta, Dicotyledonae, Asterales, Asteraceae, https://www.cabi.org/isc/datasheet/34095
Mimosa diplotricha, creeping sensitive plant, Full, Yes, Plants, Eukaryota, Plantae, Spermatophyta, Dicotyledonae, Fabales, Fabaceae, https://www.cabi.org/isc/datasheet/34196
Mimosa pigra, giant sensitive plant, Full, Yes, Plants, Eukaryota, Plantae, Spermatophyta, Dicotyledonae, Fabales, Fabaceae, https://www.cabi.org/isc/datasheet/34199
Mirabilis jalapa, four o'clock flower, Full, No, Plants, Eukaryota, Plantae, Spermatophyta, Dicotyledonae, Caryophyllales, Nyctaginaceae, https://www.cabi.org/isc/datasheet/34254
Muntingia calabura, Jamaica cherry, Full, No, Plants, Eukaryota, Plantae, Spermatophyta, Dicotyledonae, Malvales, Tiliaceae, https://www.cabi.org/isc/datasheet/35164
Murdannia nudiflora, doveweed, Full, Yes, Plants, Eukaryota, Plantae, Spermatophyta, Monocotyledonae, Commelinales, Commelinaceae, https://www.cabi.org/isc/datasheet/35180
Myriophyllum aquaticum, parrot's feather, Full, Yes, Plants, Eukaryota, Plantae, Spermatophyta, Dicotyledonae, Haloragidales, Haloragidaceae, https://www.cabi.org/isc/datasheet/34939
Myriophyllum spicatum, spiked watermilfoil, Full, Yes, Plants, Eukaryota, Plantae, Spermatophyta, Dicotyledonae, Haloragidales, Haloragidaceae, https://www.cabi.org/isc/datasheet/34941
Nassella trichotoma, serrated tussock grass, Full, Yes, Plants, Eukaryota, Plantae, Spermatophyta, Monocotyledonae, Cyperales, Poaceae, https://www.cabi.org/isc/datasheet/35726
Nelsonia canescens, blue pussyleaf, Full, Yes, Plants, Eukaryota, Plantae, Spermatophyta, Dicotyledonae, Scrophulariales, Acanthaceae, https://www.cabi.org/isc/datasheet/120146
Nicotiana plumbaginifolia, Tex-Mex tobacco, Full, No, Plants, Eukaryota, Plantae, Spermatophyta, Dicotyledonae, Solanales, Solanaceae, https://www.cabi.org/isc/datasheet/109895
Nymphaea lotus, white Egyptian lotus, Full, No, Plants, Eukaryota, Plantae, Spermatophyta, Dicotyledonae, Nymphaeales, Nymphaeaceae, https://www.cabi.org/isc/datasheet/115821
Ocimum gratissimum, African basil, Full, No, Plants, Eukaryota, Plantae, Spermatophyta, Dicotyledonae, Lamiales, Lamiaceae, https://www.cabi.org/isc/datasheet/115839
Oldenlandia corymbosa, flat-top mille graines, Full, Yes, Plants, Eukaryota, Plantae, Spermatophyta, Dicotyledonae, Gentianales, Rubiaceae, https://www.cabi.org/isc/datasheet/120125
Onopordum acanthium, scotch thistle, Full, Yes, Plants, Eukaryota, Plantae, Spermatophyta, Dicotyledonae, Asterales, Asteraceae, https://www.cabi.org/isc/datasheet/37456
Onopordum illyricum, Illyrian thistle, Full, No, Plants, Eukaryota, Plantae, Spermatophyta, Dicotyledonae, Asterales, Asteraceae, https://www.cabi.org/isc/datasheet/37458
Oplismenus hirtellus subsp. undulatifolius, wavyleaf basketgrass, Full, No, Plants, Eukaryota, Plantae, Spermatophyta, Monocotyledonae, Cyperales, Poaceae, https://www.cabi.org/isc/datasheet/115961
Opuntia stricta, erect prickly pear, Full, Yes, Plants, Eukaryota, Plantae, Spermatophyta, Dicotyledonae, Caryophyllales, Cactaceae, https://www.cabi.org/isc/datasheet/37728
Orobanche minor, common broomrape, Full, Yes, Plants, Eukaryota, Plantae, Spermatophyta, Dicotyledonae, Scrophulariales, Orobanchaceae, https://www.cabi.org/isc/datasheet/37746
Orobanche ramosa, branched broomrape, Full, Yes, Plants, Eukaryota, Plantae, Spermatophyta, Dicotyledonae, Scrophulariales, Orobanchaceae, https://www.cabi.org/isc/datasheet/37747
Oxalis corniculata, creeping woodsorrel, Full, Yes, Plants, Eukaryota, Plantae, Spermatophyta, Dicotyledonae, Geraniales, Oxalidaceae, https://www.cabi.org/isc/datasheet/38154
Paederia foetida, skunkvine, Full, No, Plants, Eukaryota, Plantae, Spermatophyta, Dicotyledonae, Gentianales, Rubiaceae, https://www.cabi.org/isc/datasheet/38458
Parthenium hysterophorus, parthenium weed, Full, Yes, Plants, Eukaryota, Plantae, Spermatophyta, Dicotyledonae, Asterales, Asteraceae, https://www.cabi.org/isc/datasheet/45573
Paspalum conjugatum, buffalo grass, Full, Yes, Plants, Eukaryota, Plantae, Spermatophyta, Monocotyledonae, Cyperales, Poaceae, https://www.cabi.org/isc/datasheet/38951
Paspalum dilatatum, dallisgrass, Full, Yes, Plants, Eukaryota, Plantae, Spermatophyta, Monocotyledonae, Cyperales, Poaceae, https://www.cabi.org/isc/datasheet/38953
Paspalum millegrana, yerba brava, Full, Yes, Plants, Eukaryota, Plantae, Spermatophyta, Monocotyledonae, Cyperales, Poaceae, https://www.cabi.org/isc/datasheet/109610
Paspalum notatum, Bahia grass, Full, No, Plants, Eukaryota, Plantae, Spermatophyta, Monocotyledonae, Cyperales, Poaceae, https://www.cabi.org/isc/datasheet/38954
Paspalum paniculatum, Russell River grass, Full, No, Plants, Eukaryota, Plantae, Spermatophyta, Monocotyledonae, Cyperales, Poaceae, https://www.cabi.org/isc/datasheet/116165
Paspalum scrobiculatum, ricegrass paspalum, Full, Yes, Plants, Eukaryota, Plantae, Spermatophyta, Monocotyledonae, Cyperales, Poaceae, https://www.cabi.org/isc/datasheet/38955
Paspalum urvillei, Vasey grass, Full, No, Plants, Eukaryota, Plantae, Spermatophyta, Monocotyledonae, Cyperales, Poaceae, https://www.cabi.org/isc/datasheet/109621
Paspalum virgatum, sword grass, Full, No, Plants, Eukaryota, Plantae, Spermatophyta, Monocotyledonae, Cyperales, Poaceae, https://www.cabi.org/isc/datasheet/109622
Passiflora edulis, passionfruit, Full, No, Plants, Eukaryota, Plantae, Spermatophyta, Dicotyledonae, Violales, Passifloraceae, https://www.cabi.org/isc/datasheet/38799
Pastinaca sativa, parsnip, Full, Yes, Plants, Eukaryota, Plantae, Spermatophyta, Dicotyledonae, Apiales, Apiaceae, https://www.cabi.org/isc/datasheet/39028
Pennisetum pedicellatum, deenanath grass, Full, Yes, Plants, Eukaryota, Plantae, Spermatophyta, Monocotyledonae, Cyperales, Poaceae, https://www.cabi.org/isc/datasheet/39769
Pennisetum polystachion, mission grass, Full, Yes, Plants, Eukaryota, Plantae, Spermatophyta, Monocotyledonae, Cyperales, Poaceae, https://www.cabi.org/isc/datasheet/39770
Pennisetum purpureum, elephant grass, Full, Yes, Plants, Eukaryota, Plantae, Spermatophyta, Monocotyledonae, Cyperales, Poaceae, https://www.cabi.org/isc/datasheet/39771
Pentas lanceolata, Egyptian starcluster, Full, No, Plants, Eukaryota, Plantae, Spermatophyta, Dicotyledonae, Gentianales, Rubiaceae, https://www.cabi.org/isc/datasheet/120131
Persicaria chinensis, Chinese knotweed, Full, No, Plants, Eukaryota, Plantae, Spermatophyta, Dicotyledonae, Polygonales, Polygonaceae, https://www.cabi.org/isc/datasheet/118915
Petiveria alliacea, guinea hen weed, Full, No, Plants, Eukaryota, Plantae, Spermatophyta, Dicotyledonae, Caryophyllales, Phytolaccaceae, https://www.cabi.org/isc/datasheet/70236
Phalaris paradoxa, awned canary-grass, Full, Yes, Plants, Eukaryota, Plantae, Spermatophyta, Monocotyledonae, Cyperales, Poaceae, https://www.cabi.org/isc/datasheet/55425
Phleum pratense, timothy grass, Full, No, Plants, Eukaryota, Plantae, Spermatophyta, Monocotyledonae, Cyperales, Poaceae, https://www.cabi.org/isc/datasheet/40248
Phyllanthus urinaria, leafflower, Full, Yes, Plants, Eukaryota, Plantae, Spermatophyta, Dicotyledonae, Euphorbiales, Euphorbiaceae, https://www.cabi.org/isc/datasheet/46061
Physalis angulata, cutleaf groundcherry, Full, Yes, Plants, Eukaryota, Plantae, Spermatophyta, Dicotyledonae, Solanales, Solanaceae, https://www.cabi.org/isc/datasheet/40711
Pilosella aurantiaca, orange hawkweed, Full, Yes, Plants, Eukaryota, Plantae, Spermatophyta, Dicotyledonae, Asterales, Asteraceae, https://www.cabi.org/isc/datasheet/27160
Pilosella caespitosa, yellow hawkweed, Full, Yes, Plants, Eukaryota, Plantae, Spermatophyta, Dicotyledonae, Asterales, Asteraceae, https://www.cabi.org/isc/datasheet/27161
Pilosella officinarum, mouse-ear hawkweed, Full, Yes, Plants, Eukaryota, Plantae, Spermatophyta, Dicotyledonae, Asterales, Asteraceae, https://www.cabi.org/isc/datasheet/27162
Pistia stratiotes, water lettuce, Full, Yes, Plants, Eukaryota, Plantae, Spermatophyta, Monocotyledonae, Arales, Araceae, https://www.cabi.org/isc/datasheet/41496
Plantago major, broad-leaved plantain, Full, Yes, Plants, Eukaryota, Plantae, Spermatophyta, Dicotyledonae, Plantaginales, Plantaginaceae, https://www.cabi.org/isc/datasheet/41814
Poa annua, annual meadowgrass, Full, Yes, Plants, Eukaryota, Plantae, Spermatophyta, Monocotyledonae, Cyperales, Poaceae, https://www.cabi.org/isc/datasheet/42485
Poa compressa, Canada bluegrass, Full, No, Plants, Eukaryota, Plantae, Spermatophyta, Monocotyledonae, Cyperales, Poaceae, https://www.cabi.org/isc/datasheet/42487
Poa pratensis, smooth meadow-grass, Full, Yes, Plants, Eukaryota, Plantae, Spermatophyta, Monocotyledonae, Cyperales, Poaceae, https://www.cabi.org/isc/datasheet/42489
Polycarpon tetraphyllum, fourleaf allseed, Full, No, Plants, Eukaryota, Plantae, Spermatophyta, Dicotyledonae, Caryophyllales, Caryophyllaceae, https://www.cabi.org/isc/datasheet/116427
Polygonum arenastrum, common knotweed, Full, No, Plants, Eukaryota, Plantae, Spermatophyta, Dicotyledonae, Polygonales, Polygonaceae, https://www.cabi.org/isc/datasheet/121176
Polygonum persicaria, redshank, Full, Yes, Plants, Eukaryota, Plantae, Spermatophyta, Dicotyledonae, Polygonales, Polygonaceae, https://www.cabi.org/isc/datasheet/42691
Polysiphonia brodiei, , Full, No, Plants, Eukaryota, Plantae, Rhodophyta, Rhodophyceae, Ceramiales, Rhodomelaceae, https://www.cabi.org/isc/datasheet/107751
Portulaca oleracea, purslane, Full, Yes, Plants, Eukaryota, Plantae, Spermatophyta, Dicotyledonae, Caryophyllales, Portulacaceae, https://www.cabi.org/isc/datasheet/43609
Portulaca pilosa, kiss-me-quick, Full, No, Plants, Eukaryota, Plantae, Spermatophyta, Dicotyledonae, Caryophyllales, Portulacaceae, https://www.cabi.org/isc/datasheet/116493
Potamogeton crispus, curlyleaf pondweed, Full, No, Plants, Eukaryota, Plantae, Spermatophyta, Monocotyledonae, Zosterales, Potamogetonaceae, https://www.cabi.org/isc/datasheet/43664
Prymnesium parvum, golden algae, Full, No, Plants, Eukaryota, Plantae, Haptophyta, Prymnesiophyceae, , Prymnesiaceae, https://www.cabi.org/isc/datasheet/121720
Pseudelephantopus spicatus, false elephant’s foot, Full, No, Plants, Eukaryota, Plantae, Spermatophyta, Dicotyledonae, Asterales, Asteraceae, https://www.cabi.org/isc/datasheet/116565
Pseudochattonella verruculosa, , Full, No, Plants, Eukaryota, Plantae, Heterokontophyta, Dictyochophyceae, Florenciellales, , https://www.cabi.org/isc/datasheet/108305
Pseudogynoxys chenopodioides, Mexican flamevine, Full, No, Plants, Eukaryota, Plantae, Spermatophyta, Dicotyledonae, Asterales, Asteraceae, https://www.cabi.org/isc/datasheet/120133
Pteris vittata, Chinese ladder brake fern, Full, No, Plants, Eukaryota, Plantae, Pteridophyta, Filicopsida, Polypodiales, Pteridaceae, https://www.cabi.org/isc/datasheet/119837
Rhaponticum repens, Russian knapweed, Full, Yes, Plants, Eukaryota, Plantae, Spermatophyta, Dicotyledonae, Asterales, Asteraceae, https://www.cabi.org/isc/datasheet/2946
Rottboellia cochinchinensis, itch grass, Full, Yes, Plants, Eukaryota, Plantae, Spermatophyta, Monocotyledonae, Cyperales, Poaceae, https://www.cabi.org/isc/datasheet/47782
Rumex obtusifolius, broad-leaved dock, Full, Yes, Plants, Eukaryota, Plantae, Spermatophyta, Dicotyledonae, Polygonales, Polygonaceae, https://www.cabi.org/isc/datasheet/48064
Salsola kali, common saltwort, Full, No, Plants, Eukaryota, Plantae, Spermatophyta, Dicotyledonae, Caryophyllales, Chenopodiaceae, https://www.cabi.org/isc/datasheet/50297
Salsola paulsenii, barbwire Russian thistle, Full, No, Plants, Eukaryota, Plantae, Spermatophyta, Dicotyledonae, Caryophyllales, Chenopodiaceae, https://www.cabi.org/isc/datasheet/116867
Salvinia auriculata, giant salvinia, Full, Yes, Plants, Eukaryota, Plantae, Pteridophyta, Filicopsida, Hydropteridales, Salviniaceae, https://www.cabi.org/isc/datasheet/48444
Salvinia minima, , Full, No, Plants, Eukaryota, Plantae, Pteridophyta, Filicopsida, Hydropteridales, Salviniaceae, https://www.cabi.org/isc/datasheet/107785
Salvinia molesta, kariba weed, Full, Yes, Plants, Eukaryota, Plantae, Pteridophyta, Filicopsida, Hydropteridales, Salviniaceae, https://www.cabi.org/isc/datasheet/48447
Sargassum muticum, wire weed, Full, No, Plants, Eukaryota, Plantae, Phaeophyta, Phaeophyceae, Fucales, Sargassaceae, https://www.cabi.org/isc/datasheet/108973
Securigera varia, crown vetch, Full, No, Plants, Eukaryota, Plantae, Spermatophyta, Dicotyledonae, Fabales, Fabaceae, https://www.cabi.org/isc/datasheet/17598
Senecio jacobaea, common ragwort, Full, Yes, Plants, Eukaryota, Plantae, Spermatophyta, Dicotyledonae, Asterales, Asteraceae, https://www.cabi.org/isc/datasheet/49558
Senecio madagascariensis, fireweed, Full, Yes, Plants, Eukaryota, Plantae, Spermatophyta, Dicotyledonae, Asterales, Asteraceae, https://www.cabi.org/isc/datasheet/49565
Senecio vulgaris, , Full, Yes, Plants, Eukaryota, Plantae, Spermatophyta, Dicotyledonae, Asterales, Asteraceae, https://www.cabi.org/isc/datasheet/49571
Senna hirsuta, hairy senna, Full, No, Plants, Eukaryota, Plantae, Spermatophyta, Dicotyledonae, Fabales, Fabaceae, https://www.cabi.org/isc/datasheet/28967123
Senna obtusifolia, sicklepod, Full, Yes, Plants, Eukaryota, Plantae, Spermatophyta, Dicotyledonae, Fabales, Fabaceae, https://www.cabi.org/isc/datasheet/49593
Senna occidentalis, coffee senna, Full, Yes, Plants, Eukaryota, Plantae, Spermatophyta, Dicotyledonae, Fabales, Fabaceae, https://www.cabi.org/isc/datasheet/11450
Senna septemtrionalis, smooth senna, Full, No, Plants, Eukaryota, Plantae, Spermatophyta, Dicotyledonae, Fabales, Fabaceae, https://www.cabi.org/isc/datasheet/49597
Sesbania sericea, silky sesban, Full, Yes, Plants, Eukaryota, Plantae, Spermatophyta, Dicotyledonae, Fabales, Fabaceae, https://www.cabi.org/isc/datasheet/119439
Setaria verticillata, bristly foxtail, Full, Yes, Plants, Eukaryota, Plantae, Spermatophyta, Monocotyledonae, Cyperales, Poaceae, https://www.cabi.org/isc/datasheet/49775
Sicyos angulatus, burcucumber, Full, Yes, Plants, Eukaryota, Plantae, Spermatophyta, Dicotyledonae, Violales, Cucurbitaceae, https://www.cabi.org/isc/datasheet/49978
Sida acuta, sida, Full, Yes, Plants, Eukaryota, Plantae, Spermatophyta, Dicotyledonae, Malvales, Malvaceae, https://www.cabi.org/isc/datasheet/49985
Sida linifolia, flaxleaf fanpetals, Full, No, Plants, Eukaryota, Plantae, Spermatophyta, Dicotyledonae, Malvales, Malvaceae, https://www.cabi.org/isc/datasheet/119839
Silene gallica, common catchfly, Full, No, Plants, Eukaryota, Plantae, Spermatophyta, Dicotyledonae, Caryophyllales, Caryophyllaceae, https://www.cabi.org/isc/datasheet/117143
Silene latifolia subsp. alba, white campion, Full, No, Plants, Eukaryota, Plantae, Spermatophyta, Dicotyledonae, Caryophyllales, Caryophyllaceae, https://www.cabi.org/isc/datasheet/33165
Solanum elaeagnifolium, silverleaf nightshade, Full, Yes, Plants, Eukaryota, Plantae, Spermatophyta, Dicotyledonae, Solanales, Solanaceae, https://www.cabi.org/isc/datasheet/50516
Solanum rostratum, prickly nightshade, Full, Yes, Plants, Eukaryota, Plantae, Spermatophyta, Dicotyledonae, Solanales, Solanaceae, https://www.cabi.org/isc/datasheet/50544
Solanum sisymbriifolium, sticky nightshade, Full, No, Plants, Eukaryota, Plantae, Spermatophyta, Dicotyledonae, Solanales, Solanaceae, https://www.cabi.org/isc/datasheet/117241
Solanum viarum, tropical soda apple, Full, Yes, Plants, Eukaryota, Plantae, Spermatophyta, Dicotyledonae, Solanales, Solanaceae, https://www.cabi.org/isc/datasheet/50562
Solidago nemoralis, grey goldenrod, Full, No, Plants, Eukaryota, Plantae, Spermatophyta, Dicotyledonae, Asterales, Asteraceae, https://www.cabi.org/isc/datasheet/50601
Solidago sempervirens, seaside goldenrod, Full, No, Plants, Eukaryota, Plantae, Spermatophyta, Dicotyledonae, Asterales, Asteraceae, https://www.cabi.org/isc/datasheet/117252
Soliva sessilis, , Full, No, Plants, Eukaryota, Plantae, Spermatophyta, Dicotyledonae, Asterales, Asteraceae, https://www.cabi.org/isc/datasheet/108899
Sonchus asper, spiny sow-thistle, Full, No, Plants, Eukaryota, Plantae, Spermatophyta, Dicotyledonae, Asterales, Asteraceae, https://www.cabi.org/isc/datasheet/110319
Sonchus oleraceus, common sowthistle, Full, Yes, Plants, Eukaryota, Plantae, Spermatophyta, Dicotyledonae, Asterales, Asteraceae, https://www.cabi.org/isc/datasheet/50584
Sorghum halepense, Johnson grass, Full, Yes, Plants, Eukaryota, Plantae, Spermatophyta, Monocotyledonae, Cyperales, Poaceae, https://www.cabi.org/isc/datasheet/50624
Spartina alterniflora, smooth cordgrass, Full, No, Plants, Eukaryota, Plantae, Spermatophyta, Monocotyledonae, Cyperales, Poaceae, https://www.cabi.org/isc/datasheet/107740
Spartina anglica, common cordgrass, Full, No, Plants, Eukaryota, Plantae, Spermatophyta, Monocotyledonae, Cyperales, Poaceae, https://www.cabi.org/isc/datasheet/107739
Spartium junceum, Spanish broom, Full, Yes, Plants, Eukaryota, Plantae, Spermatophyta, Dicotyledonae, Fabales, Fabaceae, https://www.cabi.org/isc/datasheet/51145
Spiraea chamaedryfolia, germander meadowsweet, Full, No, Plants, Eukaryota, Plantae, Spermatophyta, Dicotyledonae, Rosales, Rosaceae, https://www.cabi.org/isc/datasheet/121882
Sporobolus africanus, rat’s tail grass, Full, No, Plants, Eukaryota, Plantae, Spermatophyta, Monocotyledonae, Cyperales, Poaceae, https://www.cabi.org/isc/datasheet/117302
Sporobolus pyramidalis, giant rat’s tail grass, Full, Yes, Plants, Eukaryota, Plantae, Spermatophyta, Monocotyledonae, Cyperales, Poaceae, https://www.cabi.org/isc/datasheet/23258738
Sporobolus tenuissimus, tropical dropseed, Full, No, Plants, Eukaryota, Plantae, Spermatophyta, Monocotyledonae, Cyperales, Poaceae, https://www.cabi.org/isc/datasheet/119840
Stachys arvensis, staggerweed, Full, No, Plants, Eukaryota, Plantae, Spermatophyta, Dicotyledonae, Lamiales, Lamiaceae, https://www.cabi.org/isc/datasheet/51330
Striga asiatica, witch weed, Full, Yes, Plants, Eukaryota, Plantae, Spermatophyta, Dicotyledonae, Scrophulariales, Orobanchaceae, https://www.cabi.org/isc/datasheet/51786
Symphyotrichum novi-belgii, New York aster, Full, No, Plants, Eukaryota, Plantae, Spermatophyta, Dicotyledonae, Asterales, Asteraceae, https://www.cabi.org/isc/datasheet/7557
Tagetes erecta, Mexican marigold, Full, No, Plants, Eukaryota, Plantae, Spermatophyta, Dicotyledonae, Asterales, Asteraceae, https://www.cabi.org/isc/datasheet/52641
Taraxacum officinale complex, dandelion, Full, Yes, Plants, Eukaryota, Plantae, Spermatophyta, Dicotyledonae, Asterales, Asteraceae, https://www.cabi.org/isc/datasheet/52773
Tetragonia tetragonioides, New Zealand spinach, Full, No, Plants, Eukaryota, Plantae, Spermatophyta, Dicotyledonae, Caryophyllales, Aizoaceae, https://www.cabi.org/isc/datasheet/52942
Thelypteris opulenta, jewelled maiden fern, Full, No, Plants, Eukaryota, Plantae, Pteridophyta, Filicopsida, , Thelypteridaceae, https://www.cabi.org/isc/datasheet/119452
Themeda arguens, Christmas grass, Full, No, Plants, Eukaryota, Plantae, Spermatophyta, Monocotyledonae, Cyperales, Poaceae, https://www.cabi.org/isc/datasheet/120419
Themeda quadrivalvis, grader grass, Full, No, Plants, Eukaryota, Plantae, Spermatophyta, Monocotyledonae, Cyperales, Poaceae, https://www.cabi.org/isc/datasheet/53532
Tithonia diversifolia, Mexican sunflower, Full, No, Plants, Eukaryota, Plantae, Spermatophyta, Dicotyledonae, Asterales, Asteraceae, https://www.cabi.org/isc/datasheet/54020
Tithonia rotundifolia, red sunflower, Full, No, Plants, Eukaryota, Plantae, Spermatophyta, Dicotyledonae, Asterales, Asteraceae, https://www.cabi.org/isc/datasheet/120140
Trachelospermum jasminoides, star-jasmine, Full, No, Plants, Eukaryota, Plantae, Spermatophyta, Dicotyledonae, Gentianales, Apocynaceae, https://www.cabi.org/isc/datasheet/52837
Tribulus terrestris, puncture vine, Full, Yes, Plants, Eukaryota, Plantae, Spermatophyta, Dicotyledonae, Geraniales, Zygophyllaceae, https://www.cabi.org/isc/datasheet/54447
Triumfetta rhomboidea, diamond burbark, Full, No, Plants, Eukaryota, Plantae, Spermatophyta, Dicotyledonae, Malvales, Tiliaceae, https://www.cabi.org/isc/datasheet/54903
Triumfetta semitriloba, burweed, Full, No, Plants, Eukaryota, Plantae, Spermatophyta, Dicotyledonae, Malvales, Tiliaceae, https://www.cabi.org/isc/datasheet/54905
Typha latifolia, broadleaf cattail, Full, Yes, Plants, Eukaryota, Plantae, Spermatophyta, Monocotyledonae, Typhales, Typhaceae, https://www.cabi.org/isc/datasheet/54297
Ulva pertusa, , Full, No, Plants, Eukaryota, Plantae, Chlorophyta, Chlorophyceae, Ulvales, Ulvaceae, https://www.cabi.org/isc/datasheet/108335
Ulva reticulata, ribbon sea lettuce, Full, No, Plants, Eukaryota, Plantae, Chlorophyta, Chlorophyceae, Ulvales, Ulvaceae, https://www.cabi.org/isc/datasheet/117717
Undaria pinnatifida, Asian kelp, Full, No, Plants, Eukaryota, Plantae, Phaeophyta, Phaeophyceae, Laminariales, Alariaceae, https://www.cabi.org/isc/datasheet/59979
Urena lobata, caesar weed, Full, Yes, Plants, Eukaryota, Plantae, Spermatophyta, Dicotyledonae, Malvales, Malvaceae, https://www.cabi.org/isc/datasheet/55771
Urena sinuata, bur mallow, Full, No, Plants, Eukaryota, Plantae, Spermatophyta, Dicotyledonae, Malvales, Malvaceae, https://www.cabi.org/isc/datasheet/119268
Urochloa decumbens, signal grass, Full, Yes, Plants, Eukaryota, Plantae, Spermatophyta, Monocotyledonae, Cyperales, Poaceae, https://www.cabi.org/isc/datasheet/9665
Urochloa mutica, para grass, Full, Yes, Plants, Eukaryota, Plantae, Spermatophyta, Monocotyledonae, Cyperales, Poaceae, https://www.cabi.org/isc/datasheet/9667
Urochloa panicoides, liverseed grass, Full, Yes, Plants, Eukaryota, Plantae, Spermatophyta, Monocotyledonae, Cyperales, Poaceae, https://www.cabi.org/isc/datasheet/55773
Urochloa platyphylla, broadleaf signalgrass, Full, Yes, Plants, Eukaryota, Plantae, Spermatophyta, Monocotyledonae, Cyperales, Poaceae, https://www.cabi.org/isc/datasheet/9669
Urochloa reptans, sprawling signalgrass, Full, No, Plants, Eukaryota, Plantae, Spermatophyta, Monocotyledonae, Cyperales, Poaceae, https://www.cabi.org/isc/datasheet/9671
Urtica dioica, stinging nettle, Full, Yes, Plants, Eukaryota, Plantae, Spermatophyta, Dicotyledonae, Urticales, Urticaceae, https://www.cabi.org/isc/datasheet/55911
Ventenata dubia, North Africa grass, Full, No, Plants, Eukaryota, Plantae, Spermatophyta, Monocotyledonae, Cyperales, Poaceae, https://www.cabi.org/isc/datasheet/117772
Viguiera dentata, sunflower goldeneye, Full, No, Plants, Eukaryota, Plantae, Spermatophyta, Dicotyledonae, Asterales, Asteraceae, https://www.cabi.org/isc/datasheet/120420
Vincetoxicum rossicum, European swallowwort, Full, Yes, Plants, Eukaryota, Plantae, Spermatophyta, Dicotyledonae, Gentianales, Asclepiadaceae, https://www.cabi.org/isc/datasheet/55104
Vulpia bromoides, squirreltail fescue, Full, No, Plants, Eukaryota, Plantae, Spermatophyta, Monocotyledonae, Cyperales, Poaceae, https://www.cabi.org/isc/datasheet/117873
Xanthium spinosum, bathurst burr, Full, Yes, Plants, Eukaryota, Plantae, Spermatophyta, Dicotyledonae, Asterales, Asteraceae, https://www.cabi.org/isc/datasheet/56863
Youngia japonica, oriental false hawksbeard, Full, Yes, Plants, Eukaryota, Plantae, Spermatophyta, Dicotyledonae, Asterales, Asteraceae, https://www.cabi.org/isc/datasheet/117921
Zingiber montanum, cassumunar ginger, Full, No, Plants, Eukaryota, Plantae, Spermatophyta, Monocotyledonae, Zingiberales, Zingiberaceae, https://www.cabi.org/isc/datasheet/57536
Zingiber zerumbet, shampoo ginger, Full, No, Plants, Eukaryota, Plantae, Spermatophyta, Monocotyledonae, Zingiberales, Zingiberaceae, https://www.cabi.org/isc/datasheet/57539
Zinnia peruviana, Peruvian zinnia, Full, No, Plants, Eukaryota, Plantae, Spermatophyta, Dicotyledonae, Asterales, Asteraceae, https://www.cabi.org/isc/datasheet/120142
